feedback_id,citizen_id,complaint_id,rating,comment
1,191,740,3,Issue still not fixed after several days.
2,58,407,2,Issue still not fixed after several days.
3,359,156,4,"Problem solved, thanks."
4,531,330,2,Still waiting for action.
5,224,939,5,Resolved faster than expected.
6,702,233,1,Very satisfied with the resolution.
7,60,858,2,Very satisfied with the resolution.
8,540,354,2,Had to call multiple times.
9,282,825,2,Still waiting for action.
10,319,47,4,Staff was polite and helpful.
11,735,148,5,Very satisfied with the resolution.
12,463,438,3,Staff was polite and helpful.
13,143,174,3,Please improve response time.
14,946,796,4,Had to call multiple times.
15,756,426,5,"Problem solved, thanks."
16,210,590,3,Still waiting for action.
17,32,633,3,"Quick response, thank you!"
18,977,436,5,Excellent service!
19,532,96,2,"Problem solved, thanks."
20,104,157,2,"Problem solved, thanks."
21,353,918,2,Had to call multiple times.
22,569,464,5,Please improve response time.
23,13,359,4,Staff was polite and helpful.
24,662,10,1,Very satisfied with the resolution.
25,942,984,3,Had to call multiple times.
26,318,775,5,Please improve response time.
27,691,632,1,Still waiting for action.
28,146,460,3,"Problem solved, thanks."
29,50,571,1,Issue still not fixed after several days.
30,301,527,1,Very satisfied with the resolution.
31,95,429,4,Staff was polite and helpful.
32,305,93,3,Resolved faster than expected.
33,379,599,5,Resolved faster than expected.
34,174,300,2,Staff was polite and helpful.
35,55,413,2,Had to call multiple times.
36,294,140,5,Very satisfied with the resolution.
37,265,473,4,Issue still not fixed after several days.
38,582,824,2,Issue still not fixed after several days.
39,802,474,1,"Problem solved, thanks."
40,886,733,1,Staff was polite and helpful.
41,15,548,2,Resolved faster than expected.
42,1,914,3,Resolved faster than expected.
43,388,254,5,"Problem solved, thanks."
44,671,266,3,Still waiting for action.
45,841,324,1,Please improve response time.
46,580,197,2,Issue still not fixed after several days.
47,559,868,4,Still waiting for action.
48,26,543,2,"Problem solved, thanks."
49,158,785,3,"Quick response, thank you!"
50,291,754,5,"Quick response, thank you!"
51,647,686,1,Still waiting for action.
52,148,865,5,Very satisfied with the resolution.
53,386,754,2,Issue still not fixed after several days.
54,666,585,5,Very satisfied with the resolution.
55,309,228,5,Staff was polite and helpful.
56,531,499,2,"Quick response, thank you!"
57,148,864,3,Had to call multiple times.
58,605,236,5,Had to call multiple times.
59,491,41,1,Excellent service!
60,962,855,5,Resolved faster than expected.
61,43,601,1,Excellent service!
62,560,787,3,Excellent service!
63,756,856,5,"Quick response, thank you!"
64,719,957,1,Issue still not fixed after several days.
65,747,818,5,Excellent service!
66,480,754,3,Very satisfied with the resolution.
67,39,798,5,Still waiting for action.
68,432,440,2,Resolved faster than expected.
69,197,94,5,Staff was polite and helpful.
70,752,250,1,Very satisfied with the resolution.
71,401,754,1,Staff was polite and helpful.
72,326,167,4,Still waiting for action.
73,157,486,5,Staff was polite and helpful.
74,178,667,5,Very satisfied with the resolution.
75,303,880,2,Had to call multiple times.
76,502,97,1,Excellent service!
77,203,753,3,Please improve response time.
78,509,582,3,"Quick response, thank you!"
79,192,351,3,Staff was polite and helpful.
80,210,339,4,Still waiting for action.
81,468,231,5,Excellent service!
82,63,617,3,"Quick response, thank you!"
83,460,964,2,"Problem solved, thanks."
84,480,847,5,Very satisfied with the resolution.
85,987,163,3,Very satisfied with the resolution.
86,554,978,3,Please improve response time.
87,875,202,1,Very satisfied with the resolution.
88,918,687,5,Excellent service!
89,16,737,1,Excellent service!
90,536,205,5,Had to call multiple times.
91,531,642,4,Staff was polite and helpful.
92,534,745,5,Had to call multiple times.
93,254,949,4,Issue still not fixed after several days.
94,926,800,4,Staff was polite and helpful.
95,806,72,3,Staff was polite and helpful.
96,349,986,2,Still waiting for action.
97,784,418,4,Still waiting for action.
98,121,84,1,Still waiting for action.
99,362,1,3,Resolved faster than expected.
100,884,367,4,Still waiting for action.
101,528,12,5,Resolved faster than expected.
102,692,667,1,Very satisfied with the resolution.
103,532,255,4,Excellent service!
104,883,208,2,Issue still not fixed after several days.
105,418,1000,3,Resolved faster than expected.
106,568,606,1,Please improve response time.
107,388,112,3,Very satisfied with the resolution.
108,173,752,1,Had to call multiple times.
109,457,761,4,"Problem solved, thanks."
110,439,287,1,Still waiting for action.
111,707,863,2,Still waiting for action.
112,897,532,1,"Problem solved, thanks."
113,965,186,4,Issue still not fixed after several days.
114,887,294,4,"Quick response, thank you!"
115,481,945,5,Issue still not fixed after several days.
116,654,968,5,Please improve response time.
117,946,113,4,"Problem solved, thanks."
118,22,282,1,Issue still not fixed after several days.
119,840,159,3,"Problem solved, thanks."
120,431,117,3,Issue still not fixed after several days.
121,921,981,4,"Problem solved, thanks."
122,713,561,1,Staff was polite and helpful.
123,912,222,5,"Problem solved, thanks."
124,99,668,1,Still waiting for action.
125,669,780,1,Had to call multiple times.
126,839,336,1,Very satisfied with the resolution.
127,510,425,5,"Quick response, thank you!"
128,97,654,5,Still waiting for action.
129,553,551,5,Staff was polite and helpful.
130,453,614,5,"Quick response, thank you!"
131,279,247,2,"Quick response, thank you!"
132,874,763,5,"Problem solved, thanks."
133,839,295,1,Had to call multiple times.
134,129,213,4,"Quick response, thank you!"
135,762,585,4,"Problem solved, thanks."
136,874,247,3,"Quick response, thank you!"
137,312,442,4,Issue still not fixed after several days.
138,519,878,5,"Quick response, thank you!"
139,820,155,3,"Quick response, thank you!"
140,831,603,3,Very satisfied with the resolution.
141,300,96,5,Resolved faster than expected.
142,835,56,4,"Quick response, thank you!"
143,589,653,5,"Problem solved, thanks."
144,796,790,1,"Problem solved, thanks."
145,830,14,2,Please improve response time.
146,830,297,5,Please improve response time.
147,576,856,2,"Quick response, thank you!"
148,180,286,2,Staff was polite and helpful.
149,367,948,2,Resolved faster than expected.
150,78,56,4,Very satisfied with the resolution.
151,705,113,5,Resolved faster than expected.
152,778,219,1,Still waiting for action.
153,448,960,4,Resolved faster than expected.
154,335,406,2,"Quick response, thank you!"
155,157,185,4,Very satisfied with the resolution.
156,11,582,2,Issue still not fixed after several days.
157,374,448,1,"Problem solved, thanks."
158,607,523,5,Please improve response time.
159,73,220,3,Staff was polite and helpful.
160,655,917,3,"Problem solved, thanks."
161,145,712,2,Had to call multiple times.
162,602,201,4,Staff was polite and helpful.
163,160,771,3,Excellent service!
164,410,609,1,Issue still not fixed after several days.
165,764,567,1,Still waiting for action.
166,728,228,3,Please improve response time.
167,511,189,5,Very satisfied with the resolution.
168,922,954,2,"Problem solved, thanks."
169,242,840,4,"Problem solved, thanks."
170,929,869,2,Staff was polite and helpful.
171,171,71,2,"Problem solved, thanks."
172,735,712,1,Please improve response time.
173,167,54,1,Please improve response time.
174,404,31,4,Excellent service!
175,574,549,4,Very satisfied with the resolution.
176,337,862,2,"Quick response, thank you!"
177,587,255,5,Still waiting for action.
178,541,352,5,Issue still not fixed after several days.
179,156,399,2,Issue still not fixed after several days.
180,703,666,3,Please improve response time.
181,476,592,3,Very satisfied with the resolution.
182,569,963,3,Excellent service!
183,270,90,2,Staff was polite and helpful.
184,459,309,5,Had to call multiple times.
185,809,305,5,"Problem solved, thanks."
186,935,195,1,Still waiting for action.
187,623,840,5,Still waiting for action.
188,151,758,1,Very satisfied with the resolution.
189,259,985,4,Please improve response time.
190,254,151,5,Had to call multiple times.
191,342,373,1,Staff was polite and helpful.
192,644,44,4,"Quick response, thank you!"
193,264,725,3,Staff was polite and helpful.
194,401,297,5,"Problem solved, thanks."
195,826,199,3,Please improve response time.
196,390,649,2,Resolved faster than expected.
197,78,250,5,Still waiting for action.
198,429,701,2,"Quick response, thank you!"
199,568,940,4,Please improve response time.
200,485,238,4,Please improve response time.
201,468,658,3,Issue still not fixed after several days.
202,933,291,4,"Quick response, thank you!"
203,754,500,2,"Problem solved, thanks."
204,17,99,1,"Problem solved, thanks."
205,47,675,1,Issue still not fixed after several days.
206,991,433,4,Still waiting for action.
207,860,700,4,"Problem solved, thanks."
208,861,71,4,Excellent service!
209,749,413,5,Resolved faster than expected.
210,916,913,1,Excellent service!
211,43,17,1,Please improve response time.
212,904,18,2,Resolved faster than expected.
213,611,461,3,Staff was polite and helpful.
214,190,314,2,"Problem solved, thanks."
215,757,105,1,Please improve response time.
216,129,765,3,Resolved faster than expected.
217,275,307,1,Very satisfied with the resolution.
218,913,494,1,"Problem solved, thanks."
219,632,451,2,"Problem solved, thanks."
220,758,23,1,"Problem solved, thanks."
221,867,816,1,Issue still not fixed after several days.
222,925,319,4,Resolved faster than expected.
223,490,370,5,Issue still not fixed after several days.
224,504,631,3,Still waiting for action.
225,369,243,2,Resolved faster than expected.
226,921,984,5,Had to call multiple times.
227,2,524,4,Staff was polite and helpful.
228,729,385,5,Still waiting for action.
229,695,563,5,Had to call multiple times.
230,95,337,1,Still waiting for action.
231,650,960,4,Still waiting for action.
232,609,954,2,Please improve response time.
233,986,918,2,Very satisfied with the resolution.
234,363,557,2,Resolved faster than expected.
235,592,525,5,Resolved faster than expected.
236,264,161,3,Still waiting for action.
237,724,869,3,Very satisfied with the resolution.
238,963,928,3,Still waiting for action.
239,537,843,1,Still waiting for action.
240,570,782,1,Still waiting for action.
241,461,22,3,Staff was polite and helpful.
242,451,750,1,"Problem solved, thanks."
243,263,803,5,Excellent service!
244,791,85,1,"Quick response, thank you!"
245,304,748,4,Very satisfied with the resolution.
246,331,522,3,Issue still not fixed after several days.
247,977,42,3,"Quick response, thank you!"
248,764,69,5,Staff was polite and helpful.
249,594,372,1,"Quick response, thank you!"
250,607,260,3,Staff was polite and helpful.
251,383,754,2,Very satisfied with the resolution.
252,875,802,5,Excellent service!
253,535,161,5,Excellent service!
254,486,133,2,Issue still not fixed after several days.
255,210,189,1,Issue still not fixed after several days.
256,703,764,3,Please improve response time.
257,892,887,1,Still waiting for action.
258,655,903,5,Still waiting for action.
259,708,532,3,Very satisfied with the resolution.
260,320,543,5,Staff was polite and helpful.
261,884,24,1,Still waiting for action.
262,787,39,3,Resolved faster than expected.
263,96,503,3,Very satisfied with the resolution.
264,812,17,3,Resolved faster than expected.
265,52,934,2,Please improve response time.
266,854,694,3,Had to call multiple times.
267,837,421,5,Still waiting for action.
268,499,15,3,Staff was polite and helpful.
269,491,324,4,Staff was polite and helpful.
270,293,36,5,Resolved faster than expected.
271,214,707,2,"Problem solved, thanks."
272,465,860,4,"Quick response, thank you!"
273,955,867,3,Had to call multiple times.
274,31,339,5,"Problem solved, thanks."
275,228,753,3,Excellent service!
276,399,208,1,"Quick response, thank you!"
277,574,703,5,"Quick response, thank you!"
278,114,589,1,"Quick response, thank you!"
279,888,108,3,Please improve response time.
280,193,536,2,"Problem solved, thanks."
281,330,925,5,Still waiting for action.
282,642,900,4,"Quick response, thank you!"
283,18,335,2,Issue still not fixed after several days.
284,333,132,3,Very satisfied with the resolution.
285,45,858,3,Staff was polite and helpful.
286,874,317,2,"Quick response, thank you!"
287,548,856,3,"Quick response, thank you!"
288,105,812,4,"Problem solved, thanks."
289,745,572,3,Staff was polite and helpful.
290,499,950,1,Resolved faster than expected.
291,949,888,1,Very satisfied with the resolution.
292,655,621,5,"Problem solved, thanks."
293,823,741,3,Still waiting for action.
294,296,746,2,Very satisfied with the resolution.
295,765,571,3,Staff was polite and helpful.
296,615,298,1,Please improve response time.
297,681,973,5,Issue still not fixed after several days.
298,777,316,4,"Quick response, thank you!"
299,173,542,2,Staff was polite and helpful.
300,71,763,2,Had to call multiple times.
301,539,292,5,Staff was polite and helpful.
302,850,524,4,Very satisfied with the resolution.
303,649,473,4,Had to call multiple times.
304,836,519,1,Had to call multiple times.
305,370,498,3,Staff was polite and helpful.
306,567,712,5,Still waiting for action.
307,699,326,1,"Quick response, thank you!"
308,436,682,4,"Quick response, thank you!"
309,544,47,3,Very satisfied with the resolution.
310,539,769,4,Had to call multiple times.
311,196,118,5,"Problem solved, thanks."
312,221,445,5,Had to call multiple times.
313,445,746,5,Excellent service!
314,445,833,5,Still waiting for action.
315,755,777,3,Still waiting for action.
316,917,117,4,"Quick response, thank you!"
317,435,252,5,Staff was polite and helpful.
318,244,734,3,Staff was polite and helpful.
319,933,274,5,"Quick response, thank you!"
320,514,632,5,"Problem solved, thanks."
321,710,909,2,Very satisfied with the resolution.
322,669,919,1,Still waiting for action.
323,898,615,1,Excellent service!
324,917,601,5,"Quick response, thank you!"
325,235,487,4,"Problem solved, thanks."
326,880,275,1,Still waiting for action.
327,496,775,3,Very satisfied with the resolution.
328,484,86,4,Staff was polite and helpful.
329,513,692,2,Staff was polite and helpful.
330,554,948,3,Staff was polite and helpful.
331,964,106,5,Had to call multiple times.
332,569,160,2,Staff was polite and helpful.
333,866,695,4,Issue still not fixed after several days.
334,509,41,5,Please improve response time.
335,755,11,4,Still waiting for action.
336,33,110,4,Please improve response time.
337,739,663,2,Please improve response time.
338,189,562,4,Excellent service!
339,424,177,5,Issue still not fixed after several days.
340,110,300,1,"Problem solved, thanks."
341,977,543,4,"Problem solved, thanks."
342,686,444,2,Resolved faster than expected.
343,888,890,5,Resolved faster than expected.
344,737,197,2,"Quick response, thank you!"
345,696,255,1,Had to call multiple times.
346,140,783,3,Resolved faster than expected.
347,730,874,2,Still waiting for action.
348,823,735,2,Still waiting for action.
349,115,243,5,Resolved faster than expected.
350,34,747,3,Issue still not fixed after several days.
351,800,321,4,Very satisfied with the resolution.
352,728,799,4,Very satisfied with the resolution.
353,779,926,1,Very satisfied with the resolution.
354,686,591,1,Very satisfied with the resolution.
355,94,549,1,"Quick response, thank you!"
356,79,825,3,"Quick response, thank you!"
357,892,949,1,Very satisfied with the resolution.
358,709,92,5,Issue still not fixed after several days.
359,90,420,1,Staff was polite and helpful.
360,525,664,4,Issue still not fixed after several days.
361,985,838,5,Issue still not fixed after several days.
362,737,551,4,Had to call multiple times.
363,663,515,3,Very satisfied with the resolution.
364,329,554,1,Very satisfied with the resolution.
365,725,683,2,Still waiting for action.
366,554,918,1,"Quick response, thank you!"
367,589,192,4,Still waiting for action.
368,283,977,2,Excellent service!
369,342,609,4,Very satisfied with the resolution.
370,776,386,1,"Problem solved, thanks."
371,508,359,4,Excellent service!
372,383,809,1,Excellent service!
373,328,369,4,Issue still not fixed after several days.
374,292,35,5,Resolved faster than expected.
375,882,840,1,"Quick response, thank you!"
376,53,850,5,Staff was polite and helpful.
377,226,673,1,Staff was polite and helpful.
378,345,149,3,Very satisfied with the resolution.
379,857,130,2,Had to call multiple times.
380,253,300,5,Very satisfied with the resolution.
381,893,279,5,"Quick response, thank you!"
382,97,383,3,Very satisfied with the resolution.
383,149,9,1,Resolved faster than expected.
384,380,248,3,Still waiting for action.
385,74,888,2,Issue still not fixed after several days.
386,483,859,2,Very satisfied with the resolution.
387,204,709,1,Very satisfied with the resolution.
388,466,123,4,Resolved faster than expected.
389,300,193,1,Resolved faster than expected.
390,385,243,4,Had to call multiple times.
391,329,667,4,Please improve response time.
392,838,227,2,"Quick response, thank you!"
393,139,81,4,"Quick response, thank you!"
394,354,8,4,Resolved faster than expected.
395,289,599,5,Resolved faster than expected.
396,337,375,5,Staff was polite and helpful.
397,913,230,3,Issue still not fixed after several days.
398,670,820,2,"Quick response, thank you!"
399,163,903,2,Please improve response time.
400,483,679,3,Issue still not fixed after several days.
401,194,177,5,Resolved faster than expected.
402,603,104,4,Still waiting for action.
403,675,778,4,Issue still not fixed after several days.
404,99,696,3,Resolved faster than expected.
405,483,678,1,Resolved faster than expected.
406,412,469,5,Issue still not fixed after several days.
407,152,905,1,Issue still not fixed after several days.
408,491,311,3,Very satisfied with the resolution.
409,45,823,3,Resolved faster than expected.
410,130,546,4,Still waiting for action.
411,118,168,2,Please improve response time.
412,874,504,3,Staff was polite and helpful.
413,22,544,3,Resolved faster than expected.
414,537,998,2,Staff was polite and helpful.
415,858,223,3,"Problem solved, thanks."
416,589,346,4,Resolved faster than expected.
417,512,804,4,"Quick response, thank you!"
418,513,89,4,Please improve response time.
419,809,641,1,"Problem solved, thanks."
420,735,661,4,Still waiting for action.
421,397,934,1,Resolved faster than expected.
422,61,222,2,Resolved faster than expected.
423,737,470,3,Please improve response time.
424,25,879,2,Resolved faster than expected.
425,80,569,4,Issue still not fixed after several days.
426,194,246,1,"Problem solved, thanks."
427,643,112,4,Please improve response time.
428,736,827,2,Please improve response time.
429,654,368,2,Resolved faster than expected.
430,881,636,3,Resolved faster than expected.
431,666,121,1,"Quick response, thank you!"
432,722,324,4,Still waiting for action.
433,736,7,5,Still waiting for action.
434,398,545,4,Issue still not fixed after several days.
435,825,789,4,"Quick response, thank you!"
436,500,530,1,Very satisfied with the resolution.
437,186,337,1,"Problem solved, thanks."
438,880,949,1,"Problem solved, thanks."
439,670,796,2,Still waiting for action.
440,832,357,3,Staff was polite and helpful.
441,110,764,1,Had to call multiple times.
442,874,452,2,Still waiting for action.
443,674,180,4,Staff was polite and helpful.
444,67,561,5,Issue still not fixed after several days.
445,861,205,3,Resolved faster than expected.
446,635,248,2,Staff was polite and helpful.
447,168,17,2,Still waiting for action.
448,172,569,1,Excellent service!
449,925,152,4,Excellent service!
450,324,396,1,"Quick response, thank you!"
451,303,171,4,Excellent service!
452,35,416,1,Still waiting for action.
453,175,828,4,Still waiting for action.
454,688,567,4,Had to call multiple times.
455,935,671,2,Please improve response time.
456,431,881,4,"Quick response, thank you!"
457,637,576,4,Very satisfied with the resolution.
458,287,455,4,Very satisfied with the resolution.
459,819,653,3,Resolved faster than expected.
460,83,409,1,"Quick response, thank you!"
461,981,645,3,Had to call multiple times.
462,696,944,2,Resolved faster than expected.
463,214,355,4,Staff was polite and helpful.
464,652,672,5,Still waiting for action.
465,240,507,4,Resolved faster than expected.
466,599,617,2,Resolved faster than expected.
467,136,165,4,Staff was polite and helpful.
468,664,122,1,Still waiting for action.
469,827,35,5,Issue still not fixed after several days.
470,457,604,1,Staff was polite and helpful.
471,868,397,4,Excellent service!
472,208,64,4,Resolved faster than expected.
473,806,335,5,"Problem solved, thanks."
474,527,254,5,Very satisfied with the resolution.
475,891,672,2,Very satisfied with the resolution.
476,578,267,5,"Problem solved, thanks."
477,826,420,2,Issue still not fixed after several days.
478,915,699,2,Issue still not fixed after several days.
479,846,938,3,"Quick response, thank you!"
480,496,834,2,Still waiting for action.
481,250,419,1,"Quick response, thank you!"
482,926,982,2,Please improve response time.
483,262,272,3,Staff was polite and helpful.
484,249,94,3,Please improve response time.
485,109,746,5,Excellent service!
486,95,46,2,Had to call multiple times.
487,640,824,1,Excellent service!
488,543,530,4,Still waiting for action.
489,275,291,2,Staff was polite and helpful.
490,525,78,1,Very satisfied with the resolution.
491,695,33,4,Had to call multiple times.
492,771,208,2,Still waiting for action.
493,64,550,3,Very satisfied with the resolution.
494,345,626,1,"Quick response, thank you!"
495,563,627,1,Issue still not fixed after several days.
496,892,26,3,Issue still not fixed after several days.
497,436,188,1,Resolved faster than expected.
498,89,628,3,Still waiting for action.
499,591,147,2,Had to call multiple times.
500,145,720,4,Still waiting for action.
501,44,407,5,Had to call multiple times.
502,957,973,3,Very satisfied with the resolution.
503,971,153,3,Very satisfied with the resolution.
504,112,740,3,Issue still not fixed after several days.
505,647,867,5,Please improve response time.
506,411,418,4,Please improve response time.
507,926,461,4,Issue still not fixed after several days.
508,341,233,4,"Quick response, thank you!"
509,713,907,1,Resolved faster than expected.
510,709,642,5,Issue still not fixed after several days.
511,640,381,1,Please improve response time.
512,288,631,3,Staff was polite and helpful.
513,408,110,5,Please improve response time.
514,141,365,1,Had to call multiple times.
515,756,940,5,Please improve response time.
516,731,407,3,Issue still not fixed after several days.
517,996,219,5,Very satisfied with the resolution.
518,696,246,3,Still waiting for action.
519,859,616,1,Very satisfied with the resolution.
520,542,990,4,"Problem solved, thanks."
521,82,890,4,Staff was polite and helpful.
522,803,469,4,Still waiting for action.
523,387,791,1,Had to call multiple times.
524,113,688,2,Excellent service!
525,692,391,2,Issue still not fixed after several days.
526,453,905,2,"Quick response, thank you!"
527,568,869,3,Please improve response time.
528,284,318,2,"Problem solved, thanks."
529,401,370,2,Resolved faster than expected.
530,818,941,2,Staff was polite and helpful.
531,883,796,3,Very satisfied with the resolution.
532,853,212,5,Had to call multiple times.
533,842,575,3,Issue still not fixed after several days.
534,566,763,3,"Quick response, thank you!"
535,564,763,3,Had to call multiple times.
536,327,240,5,"Problem solved, thanks."
537,861,252,4,Resolved faster than expected.
538,406,267,2,"Problem solved, thanks."
539,916,344,2,"Problem solved, thanks."
540,468,321,5,Issue still not fixed after several days.
541,669,418,3,Had to call multiple times.
542,75,555,3,"Quick response, thank you!"
543,728,847,2,"Problem solved, thanks."
544,29,845,1,Issue still not fixed after several days.
545,298,733,1,Still waiting for action.
546,100,19,2,Please improve response time.
547,878,310,5,"Problem solved, thanks."
548,524,535,1,Please improve response time.
549,491,468,1,"Quick response, thank you!"
550,925,703,5,"Quick response, thank you!"
551,224,411,3,Please improve response time.
552,544,12,1,Very satisfied with the resolution.
553,839,942,1,"Quick response, thank you!"
554,524,191,2,Had to call multiple times.
555,815,200,3,Still waiting for action.
556,286,325,1,Still waiting for action.
557,203,708,1,Staff was polite and helpful.
558,611,126,1,Resolved faster than expected.
559,76,122,1,Had to call multiple times.
560,472,912,2,Resolved faster than expected.
561,424,237,1,Still waiting for action.
562,963,612,4,Please improve response time.
563,772,395,2,"Problem solved, thanks."
564,680,931,2,Still waiting for action.
565,269,120,4,Still waiting for action.
566,974,637,2,Resolved faster than expected.
567,880,79,3,Still waiting for action.
568,879,451,2,Excellent service!
569,944,45,5,Resolved faster than expected.
570,679,842,2,Please improve response time.
571,894,790,4,Still waiting for action.
572,601,183,3,Please improve response time.
573,597,401,3,Still waiting for action.
574,371,686,3,Staff was polite and helpful.
575,881,805,4,Please improve response time.
576,999,683,5,Issue still not fixed after several days.
577,716,453,1,Please improve response time.
578,988,546,1,"Quick response, thank you!"
579,712,785,5,Excellent service!
580,855,677,1,Issue still not fixed after several days.
581,236,206,5,Staff was polite and helpful.
582,110,862,3,Very satisfied with the resolution.
583,47,435,4,Very satisfied with the resolution.
584,5,556,3,Staff was polite and helpful.
585,796,506,4,Resolved faster than expected.
586,465,205,2,Had to call multiple times.
587,325,183,4,Please improve response time.
588,835,121,2,Staff was polite and helpful.
589,381,1,3,Staff was polite and helpful.
590,192,231,4,Staff was polite and helpful.
591,416,296,1,Very satisfied with the resolution.
592,672,319,4,Resolved faster than expected.
593,797,391,2,Still waiting for action.
594,394,470,3,Resolved faster than expected.
595,324,174,5,Issue still not fixed after several days.
596,541,574,1,Very satisfied with the resolution.
597,677,764,2,Excellent service!
598,511,205,3,"Quick response, thank you!"
599,775,27,3,"Problem solved, thanks."
600,672,59,3,Issue still not fixed after several days.
601,296,629,2,Resolved faster than expected.
602,567,279,5,Had to call multiple times.
603,900,44,3,Please improve response time.
604,949,395,1,"Problem solved, thanks."
605,1000,55,3,Had to call multiple times.
606,876,710,3,Excellent service!
607,704,748,4,"Problem solved, thanks."
608,881,473,4,Issue still not fixed after several days.
609,954,541,2,Issue still not fixed after several days.
610,234,962,4,Please improve response time.
611,236,265,3,Please improve response time.
612,634,22,2,Still waiting for action.
613,796,483,1,Excellent service!
614,385,993,1,Very satisfied with the resolution.
615,52,780,5,"Quick response, thank you!"
616,618,91,4,Resolved faster than expected.
617,894,192,3,"Quick response, thank you!"
618,369,712,5,Please improve response time.
619,862,802,4,Still waiting for action.
620,656,419,4,Staff was polite and helpful.
621,913,877,4,Please improve response time.
622,844,314,4,Issue still not fixed after several days.
623,143,922,5,Still waiting for action.
624,847,615,5,Please improve response time.
625,143,798,1,Had to call multiple times.
626,707,211,4,Resolved faster than expected.
627,244,416,1,Staff was polite and helpful.
628,793,337,1,Please improve response time.
629,525,154,5,"Quick response, thank you!"
630,522,760,5,Very satisfied with the resolution.
631,131,36,4,Issue still not fixed after several days.
632,219,866,2,Very satisfied with the resolution.
633,726,528,1,Resolved faster than expected.
634,306,528,4,Please improve response time.
635,796,176,3,"Problem solved, thanks."
636,695,590,1,Resolved faster than expected.
637,532,155,4,"Problem solved, thanks."
638,594,602,4,Excellent service!
639,297,525,3,"Problem solved, thanks."
640,523,162,1,Excellent service!
641,170,783,1,"Quick response, thank you!"
642,981,353,2,"Quick response, thank you!"
643,692,486,1,Still waiting for action.
644,191,769,2,Staff was polite and helpful.
645,593,405,5,Very satisfied with the resolution.
646,208,396,4,Issue still not fixed after several days.
647,901,228,4,"Quick response, thank you!"
648,672,123,3,Please improve response time.
649,646,562,3,Staff was polite and helpful.
650,724,900,4,Resolved faster than expected.
651,89,976,5,Still waiting for action.
652,417,605,5,Resolved faster than expected.
653,143,420,5,Excellent service!
654,770,271,2,Had to call multiple times.
655,409,652,3,Still waiting for action.
656,550,901,5,Excellent service!
657,992,215,5,Very satisfied with the resolution.
658,279,960,2,"Problem solved, thanks."
659,603,98,1,Please improve response time.
660,431,231,2,Issue still not fixed after several days.
661,580,765,3,Please improve response time.
662,659,602,4,"Problem solved, thanks."
663,200,561,3,Issue still not fixed after several days.
664,650,259,2,"Problem solved, thanks."
665,509,66,1,Had to call multiple times.
666,734,543,5,"Problem solved, thanks."
667,658,128,5,Still waiting for action.
668,202,452,3,Staff was polite and helpful.
669,357,329,3,Resolved faster than expected.
670,37,982,1,Very satisfied with the resolution.
671,849,193,5,Had to call multiple times.
672,471,851,4,Staff was polite and helpful.
673,502,822,3,"Quick response, thank you!"
674,872,619,2,Resolved faster than expected.
675,104,162,1,Staff was polite and helpful.
676,951,933,5,Still waiting for action.
677,154,11,5,Still waiting for action.
678,472,226,1,Very satisfied with the resolution.
679,307,228,5,Please improve response time.
680,865,528,3,"Quick response, thank you!"
681,38,832,3,Very satisfied with the resolution.
682,210,5,1,Please improve response time.
683,743,754,3,Excellent service!
684,317,65,5,Very satisfied with the resolution.
685,332,249,1,Had to call multiple times.
686,196,620,1,Issue still not fixed after several days.
687,922,717,4,Please improve response time.
688,716,300,5,Excellent service!
689,792,320,5,Still waiting for action.
690,228,741,4,Issue still not fixed after several days.
691,205,632,1,Still waiting for action.
692,371,349,4,Please improve response time.
693,491,99,1,"Quick response, thank you!"
694,645,551,5,Issue still not fixed after several days.
695,46,592,5,Issue still not fixed after several days.
696,919,103,2,Very satisfied with the resolution.
697,45,711,1,Resolved faster than expected.
698,20,440,4,Issue still not fixed after several days.
699,771,963,1,Staff was polite and helpful.
700,743,32,5,Staff was polite and helpful.
701,327,320,2,"Quick response, thank you!"
702,301,300,1,Staff was polite and helpful.
703,551,257,4,Staff was polite and helpful.
704,190,135,1,Had to call multiple times.
705,963,285,3,Issue still not fixed after several days.
706,458,670,2,Staff was polite and helpful.
707,868,840,1,"Problem solved, thanks."
708,187,949,3,Staff was polite and helpful.
709,970,354,5,Excellent service!
710,748,615,5,Excellent service!
711,252,919,1,Please improve response time.
712,385,698,1,Had to call multiple times.
713,81,240,2,Very satisfied with the resolution.
714,775,277,3,Resolved faster than expected.
715,395,201,4,Resolved faster than expected.
716,895,297,4,Excellent service!
717,261,294,1,"Quick response, thank you!"
718,645,87,2,Still waiting for action.
719,957,860,4,Issue still not fixed after several days.
720,121,432,5,Had to call multiple times.
721,617,946,5,Had to call multiple times.
722,966,308,5,Had to call multiple times.
723,765,61,2,Excellent service!
724,712,532,1,Had to call multiple times.
725,476,161,5,Please improve response time.
726,580,483,3,"Problem solved, thanks."
727,454,639,3,"Quick response, thank you!"
728,917,45,4,Resolved faster than expected.
729,89,530,2,Staff was polite and helpful.
730,20,705,4,Still waiting for action.
731,471,337,5,Issue still not fixed after several days.
732,1000,643,3,Staff was polite and helpful.
733,498,175,1,Resolved faster than expected.
734,814,940,1,Issue still not fixed after several days.
735,81,125,3,Very satisfied with the resolution.
736,797,81,5,Had to call multiple times.
737,555,400,3,Very satisfied with the resolution.
738,457,441,4,Please improve response time.
739,250,787,3,Resolved faster than expected.
740,931,98,4,Issue still not fixed after several days.
741,601,202,4,Resolved faster than expected.
742,458,681,2,"Quick response, thank you!"
743,918,438,4,Issue still not fixed after several days.
744,680,50,4,"Problem solved, thanks."
745,872,108,1,Please improve response time.
746,707,570,3,Had to call multiple times.
747,498,536,4,Had to call multiple times.
748,525,412,1,Excellent service!
749,54,640,1,Very satisfied with the resolution.
750,714,864,4,Staff was polite and helpful.
751,588,719,5,Had to call multiple times.
752,57,852,4,Very satisfied with the resolution.
753,970,399,5,Had to call multiple times.
754,406,872,4,Had to call multiple times.
755,237,425,4,Please improve response time.
756,324,151,1,Still waiting for action.
757,752,874,5,Had to call multiple times.
758,526,817,3,"Problem solved, thanks."
759,144,977,4,"Quick response, thank you!"
760,662,344,4,Had to call multiple times.
761,931,491,4,Excellent service!
762,263,604,4,Issue still not fixed after several days.
763,145,903,2,"Problem solved, thanks."
764,171,810,1,Please improve response time.
765,390,527,5,Still waiting for action.
766,291,480,1,Had to call multiple times.
767,938,89,1,Staff was polite and helpful.
768,992,676,1,Staff was polite and helpful.
769,115,658,4,"Problem solved, thanks."
770,342,704,4,Had to call multiple times.
771,543,748,5,Had to call multiple times.
772,128,887,3,Excellent service!
773,958,183,5,Very satisfied with the resolution.
774,848,528,3,"Quick response, thank you!"
775,229,896,4,Had to call multiple times.
776,906,140,4,"Quick response, thank you!"
777,489,792,5,Very satisfied with the resolution.
778,240,671,1,Excellent service!
779,65,638,4,Please improve response time.
780,181,378,3,Issue still not fixed after several days.
781,579,254,3,Excellent service!
782,791,211,4,Still waiting for action.
783,292,608,4,Excellent service!
784,333,242,5,Please improve response time.
785,96,718,1,Issue still not fixed after several days.
786,583,508,4,Very satisfied with the resolution.
787,877,253,1,Very satisfied with the resolution.
788,259,575,2,Issue still not fixed after several days.
789,998,198,3,Resolved faster than expected.
790,231,200,5,Very satisfied with the resolution.
791,605,719,2,Excellent service!
792,204,504,2,"Problem solved, thanks."
793,309,967,3,Resolved faster than expected.
794,442,301,1,Issue still not fixed after several days.
795,912,949,2,Issue still not fixed after several days.
796,95,899,4,Very satisfied with the resolution.
797,157,102,1,Resolved faster than expected.
798,234,104,1,"Quick response, thank you!"
799,693,789,1,Issue still not fixed after several days.
800,898,469,1,Had to call multiple times.
801,205,508,3,Excellent service!
802,31,778,5,Issue still not fixed after several days.
803,249,215,4,Resolved faster than expected.
804,511,426,5,"Quick response, thank you!"
805,122,529,4,"Quick response, thank you!"
806,686,209,5,Very satisfied with the resolution.
807,582,112,1,Resolved faster than expected.
808,756,804,3,Excellent service!
809,492,59,5,Resolved faster than expected.
810,824,329,5,Issue still not fixed after several days.
811,640,395,3,Resolved faster than expected.
812,593,486,1,"Quick response, thank you!"
813,929,480,5,Excellent service!
814,683,459,2,Excellent service!
815,517,737,1,Staff was polite and helpful.
816,802,520,4,Please improve response time.
817,700,797,3,Please improve response time.
818,205,343,4,Resolved faster than expected.
819,570,342,2,"Problem solved, thanks."
820,373,117,2,Had to call multiple times.
821,499,819,1,"Problem solved, thanks."
822,360,167,5,Still waiting for action.
823,839,727,2,Staff was polite and helpful.
824,403,790,5,Issue still not fixed after several days.
825,728,908,5,Please improve response time.
826,675,479,1,Very satisfied with the resolution.
827,307,677,1,Staff was polite and helpful.
828,103,333,2,Had to call multiple times.
829,480,858,5,Please improve response time.
830,839,898,4,Very satisfied with the resolution.
831,103,995,2,Resolved faster than expected.
832,495,773,5,Very satisfied with the resolution.
833,687,390,2,Staff was polite and helpful.
834,481,145,1,"Problem solved, thanks."
835,446,292,4,Very satisfied with the resolution.
836,187,127,4,Had to call multiple times.
837,980,441,5,"Problem solved, thanks."
838,866,841,4,Excellent service!
839,838,733,5,Please improve response time.
840,36,943,3,Very satisfied with the resolution.
841,178,428,4,Excellent service!
842,256,771,2,Excellent service!
843,297,875,4,"Quick response, thank you!"
844,525,122,4,Had to call multiple times.
845,164,66,2,Please improve response time.
846,29,853,1,"Quick response, thank you!"
847,401,656,4,Had to call multiple times.
848,936,589,5,Had to call multiple times.
849,927,741,1,Excellent service!
850,801,34,3,Staff was polite and helpful.
851,373,642,2,Still waiting for action.
852,505,370,2,"Quick response, thank you!"
853,711,469,5,Very satisfied with the resolution.
854,822,413,3,Please improve response time.
855,219,139,1,Excellent service!
856,93,669,4,Excellent service!
857,129,113,2,Issue still not fixed after several days.
858,782,895,3,Staff was polite and helpful.
859,299,654,4,Very satisfied with the resolution.
860,258,387,3,"Quick response, thank you!"
861,128,211,3,"Quick response, thank you!"
862,816,215,3,Resolved faster than expected.
863,598,629,5,"Quick response, thank you!"
864,805,667,3,Staff was polite and helpful.
865,681,37,3,Very satisfied with the resolution.
866,441,486,5,Resolved faster than expected.
867,239,193,3,Still waiting for action.
868,745,501,5,Had to call multiple times.
869,622,838,1,Please improve response time.
870,881,30,1,Staff was polite and helpful.
871,927,428,3,Please improve response time.
872,534,55,1,Please improve response time.
873,757,471,5,Staff was polite and helpful.
874,393,701,4,Resolved faster than expected.
875,34,364,2,Had to call multiple times.
876,976,375,3,Staff was polite and helpful.
877,895,254,4,Excellent service!
878,720,220,3,Very satisfied with the resolution.
879,71,939,4,"Quick response, thank you!"
880,8,564,4,Please improve response time.
881,170,588,4,Please improve response time.
882,273,371,3,Resolved faster than expected.
883,565,686,3,Please improve response time.
884,734,712,4,Very satisfied with the resolution.
885,491,890,5,"Quick response, thank you!"
886,197,996,4,"Problem solved, thanks."
887,51,363,4,Had to call multiple times.
888,296,476,4,Still waiting for action.
889,766,301,2,Please improve response time.
890,270,280,1,"Problem solved, thanks."
891,347,825,4,Staff was polite and helpful.
892,70,588,2,Had to call multiple times.
893,637,473,1,Resolved faster than expected.
894,246,915,5,"Problem solved, thanks."
895,355,268,2,"Problem solved, thanks."
896,37,512,3,Issue still not fixed after several days.
897,22,832,2,Please improve response time.
898,785,863,2,Still waiting for action.
899,939,111,4,"Quick response, thank you!"
900,72,417,4,Staff was polite and helpful.
901,933,16,3,Staff was polite and helpful.
902,273,496,1,"Problem solved, thanks."
903,927,742,5,Excellent service!
904,413,41,1,Staff was polite and helpful.
905,981,493,5,Still waiting for action.
906,863,456,3,Had to call multiple times.
907,820,8,1,Issue still not fixed after several days.
908,265,729,5,"Quick response, thank you!"
909,405,951,4,Staff was polite and helpful.
910,798,840,4,Issue still not fixed after several days.
911,639,343,4,"Quick response, thank you!"
912,481,684,4,Issue still not fixed after several days.
913,363,459,2,Staff was polite and helpful.
914,183,881,2,Staff was polite and helpful.
915,199,714,1,Resolved faster than expected.
916,977,17,2,Had to call multiple times.
917,172,608,1,"Quick response, thank you!"
918,82,11,2,Please improve response time.
919,1000,571,2,Still waiting for action.
920,893,938,5,Issue still not fixed after several days.
921,789,74,2,Very satisfied with the resolution.
922,469,964,4,Staff was polite and helpful.
923,38,188,5,Still waiting for action.
924,356,813,2,Very satisfied with the resolution.
925,913,298,5,"Problem solved, thanks."
926,368,86,2,"Problem solved, thanks."
927,48,54,2,Staff was polite and helpful.
928,184,480,3,Please improve response time.
929,777,490,1,"Problem solved, thanks."
930,910,478,2,Still waiting for action.
931,683,734,1,Please improve response time.
932,276,623,1,Please improve response time.
933,419,490,2,Very satisfied with the resolution.
934,937,203,1,Very satisfied with the resolution.
935,592,178,2,Had to call multiple times.
936,496,975,4,Please improve response time.
937,46,600,3,Resolved faster than expected.
938,118,241,1,Had to call multiple times.
939,455,337,3,Excellent service!
940,638,676,5,Resolved faster than expected.
941,591,375,3,"Quick response, thank you!"
942,183,701,1,Still waiting for action.
943,342,331,5,Very satisfied with the resolution.
944,853,362,3,Excellent service!
945,792,465,5,Staff was polite and helpful.
946,919,22,4,Issue still not fixed after several days.
947,725,231,1,"Problem solved, thanks."
948,534,296,3,Staff was polite and helpful.
949,363,973,3,Had to call multiple times.
950,127,577,4,Still waiting for action.
951,397,640,2,Please improve response time.
952,801,274,3,Excellent service!
953,419,596,1,Excellent service!
954,455,843,3,Issue still not fixed after several days.
955,137,481,5,Staff was polite and helpful.
956,678,162,1,Resolved faster than expected.
957,85,967,4,"Quick response, thank you!"
958,352,649,2,Please improve response time.
959,620,638,4,"Quick response, thank you!"
960,480,259,3,Please improve response time.
961,591,995,5,Please improve response time.
962,329,203,5,Staff was polite and helpful.
963,922,661,5,Still waiting for action.
964,821,204,4,"Quick response, thank you!"
965,128,978,3,"Problem solved, thanks."
966,68,280,2,Still waiting for action.
967,859,131,2,Staff was polite and helpful.
968,386,895,1,Had to call multiple times.
969,574,348,2,Staff was polite and helpful.
970,510,258,2,Please improve response time.
971,951,3,1,"Quick response, thank you!"
972,48,147,1,Issue still not fixed after several days.
973,442,513,3,Resolved faster than expected.
974,473,848,4,"Problem solved, thanks."
975,114,440,4,Staff was polite and helpful.
976,190,596,3,Issue still not fixed after several days.
977,425,981,5,Still waiting for action.
978,289,135,5,Had to call multiple times.
979,926,65,1,Excellent service!
980,605,664,5,Issue still not fixed after several days.
981,244,658,1,Still waiting for action.
982,864,333,3,Very satisfied with the resolution.
983,377,582,3,Please improve response time.
984,825,981,4,Please improve response time.
985,258,144,4,Resolved faster than expected.
986,788,322,3,Had to call multiple times.
987,516,256,2,"Problem solved, thanks."
988,980,521,1,"Problem solved, thanks."
989,456,145,1,Very satisfied with the resolution.
990,277,310,4,Had to call multiple times.
991,413,792,5,Very satisfied with the resolution.
992,892,514,1,Very satisfied with the resolution.
993,124,191,4,Very satisfied with the resolution.
994,357,450,3,Very satisfied with the resolution.
995,940,222,4,Still waiting for action.
996,120,311,1,Still waiting for action.
997,79,540,3,Please improve response time.
998,740,486,5,Please improve response time.
999,450,759,3,"Quick response, thank you!"
1000,75,206,3,Very satisfied with the resolution.
